title;url;nick;location
[S/W]HoN, Warfighter, T/A Leader, CoH, DotZ;http://www.gry-planszowe.pl/forum/viewtopic.php?f=53&t=37420;Patyk;Wrocław
[s]Kontor, Sherwood Forest, Cardcassonne, Fjords i inne-W-wa;http://www.gry-planszowe.pl/forum/viewtopic.php?f=53&t=36180;jask44;Warszawa
[S] Mage Wars + dodatki, Warhammer Quest Adventure Card Game;http://www.gry-planszowe.pl/forum/viewtopic.php?f=53&t=46123;JB;Rzeszów
[S] Statki łupy kościotrupy, Talisman + Żniwiarz;http://www.gry-planszowe.pl/forum/viewtopic.php?f=53&t=46369;gandalfr;Ruda Śląska
[S] Magia i Myszy PL (pomalowane) zestaw "na bogato";http://www.gry-planszowe.pl/forum/viewtopic.php?f=53&t=29302;CydPL;Wrocław
[S/W]Kolejka Tokaido Mistfall Amber MareBalticum Teomachia;http://www.gry-planszowe.pl/forum/viewtopic.php?f=53&t=42859;tasil;Poznań i okolice
[S/W]Wyprzedaż rarytasów i porządnych gier, odbiór na GRAMY!;http://www.gry-planszowe.pl/forum/viewtopic.php?f=53&t=23539;KubaP;Warszawa
[S] Roll ftG, Pandemic, Impulse...;http://www.gry-planszowe.pl/forum/viewtopic.php?f=53&t=23910;dumspirospero;Lublin
[S/W] Talizman, Pandemic, Arle, LCN itd;http://www.gry-planszowe.pl/forum/viewtopic.php?f=53&t=43871;marti;Gdańsk
[S] Martwa Zima: Długa Noc, CoH i inne;http://www.gry-planszowe.pl/forum/viewtopic.php?f=53&t=41431;kaimada;Łódź
Nic Dubel;http://www.gry-planszowe.pl/forum/viewtopic.php?f=53&t=46365;PiotrWro;Wrocław
Ghost Stories Unikat Niegrana.;http://www.gry-planszowe.pl/forum/viewtopic.php?f=53&t=46366;PiotrWro;Wrocław
[S] W roku smoka, Akry, Quarriors, Liberte, Ucieczka i inne;http://www.gry-planszowe.pl/forum/viewtopic.php?f=53&t=24804;uyco;Poznań
[S] Mistfall+Valskyrr;http://www.gry-planszowe.pl/forum/viewtopic.php?f=53&t=41543;bandyta;Wrocław/Siechnice
[S] Carson C. Big Box, T.I.M.E. ENG nowe, Wyscig do Renu;http://www.gry-planszowe.pl/forum/viewtopic.php?f=53&t=46295;hamanu;Poznań
[S] Promocja GRAMY: Duuuszki, Wulkany, Mount Everest [GDA];http://www.gry-planszowe.pl/forum/viewtopic.php?f=53&t=39209;aigimig;Warszawa
[S] Władca pierścieni LCG z dodatkami;http://www.gry-planszowe.pl/forum/viewtopic.php?f=53&t=29711;berger;Lublin
[S] Summoner Wars, Neuroshima, RFTG, Kingdom Builder i inne;http://www.gry-planszowe.pl/forum/viewtopic.php?f=53&t=35712;vincentblack;Kraków
S Wrocław 19 dobrych gier;http://www.gry-planszowe.pl/forum/viewtopic.php?f=53&t=23806;serwat;Wrocław
[S/W] Komiks, Cottage Garden, LOTR Confrontation  [3CITY];http://www.gry-planszowe.pl/forum/viewtopic.php?f=53&t=46200;alicja.wilk;Gdynia
[S]Caylus MC,Mexica,Papa Paolo Futschikato,Ptaszki +inne;http://www.gry-planszowe.pl/forum/viewtopic.php?f=53&t=24296;piton;Opole
[S] Cyklady, Wampir (Sfera), Ninjato;http://www.gry-planszowe.pl/forum/viewtopic.php?f=53&t=29976;Paskudnik;Warszawa (Mokotów)
[S] Osadnicy z Catanu - Gra karciana;http://www.gry-planszowe.pl/forum/viewtopic.php?f=53&t=46307;chrris;Wrocław
[S/W] kilka gier - odibór gier na Gramy;http://www.gry-planszowe.pl/forum/viewtopic.php?f=53&t=46355;hancza123;Gdańsk
[S] Dungeoneer - Smoki zapomnianych pustkowi;http://www.gry-planszowe.pl/forum/viewtopic.php?f=53&t=23740;jax;Warszawa
[S]WoG-maty,Manoeuvre,Szogun,ASL SK,Falling Sky...;http://www.gry-planszowe.pl/forum/viewtopic.php?f=53&t=23724;ananas;Ostrów Wielkopolski
[S] Rio de la Plata;http://www.gry-planszowe.pl/forum/viewtopic.php?f=53&t=46351;Przygod;Gdynia
[S] Samurai Spirit Ascension Jamaica Quarantine King of NY;http://www.gry-planszowe.pl/forum/viewtopic.php?f=53&t=24463;jawohl;Warszawa
[S] Chaos w S. Mamy Szpiega, Red7, Gra o Tron Wilki Północy;http://www.gry-planszowe.pl/forum/viewtopic.php?f=53&t=46184;Salah Ad-Din;Wieluń
[S] Star Trek Attack Wing - OKAZJA;http://www.gry-planszowe.pl/forum/viewtopic.php?f=53&t=33901;Bartas05;Gdańsk
[S/W] Kilkanaście różnych gier w atrakcyjnych cenach :);http://www.gry-planszowe.pl/forum/viewtopic.php?f=53&t=41723;pezetto;Kraina Szczęśliwości
[S] 12 Realms, Mage Wars - nowosci / obnizki!!;http://www.gry-planszowe.pl/forum/viewtopic.php?f=53&t=28686;Klos;Warszawa
[S/W] Terraformacja, Wojna o P, Pingwiny, Puerto R, Pewnego;http://www.gry-planszowe.pl/forum/viewtopic.php?f=53&t=24013;ciastek;Milicz
[S] Wojenne i eurasy;http://www.gry-planszowe.pl/forum/viewtopic.php?f=53&t=44769;herman;ukochana Warszawa
[S/W] Martwa Zima, Rheinlander, Mamy szpiega + Katedra;http://www.gry-planszowe.pl/forum/viewtopic.php?f=53&t=25946;kaszkiet;Warszawa
[S] Świat bez końca;http://www.gry-planszowe.pl/forum/viewtopic.php?f=53&t=46118;Smoku;Warszawa
[S] PUSTO;http://www.gry-planszowe.pl/forum/viewtopic.php?f=53&t=37509;jacus666;Gdańsk/Kielce
[S/W] Terraformacja;http://www.gry-planszowe.pl/forum/viewtopic.php?f=53&t=46341;baldar;Gdańsk
[S] tajemnicze domostwo;http://www.gry-planszowe.pl/forum/viewtopic.php?f=53&t=46339;wirusman;Jaworzno
[W/S]Metro 2033, Nightfall, Zimna Wojna, Ankh-Morpork i inne;http://www.gry-planszowe.pl/forum/viewtopic.php?f=53&t=43155;spider44;Rzeszów
[S] Ponzi Scheme, Speicherstadt, Tempus, Roll for the Galaxy;http://www.gry-planszowe.pl/forum/viewtopic.php?f=53&t=45853;Filip Apostoł;Z powrotem w ukochanym Lublinie
[S]Osadnicy/Nova Cry KS/Tiny Western//Pośród Gw./P. Imperium;http://www.gry-planszowe.pl/forum/viewtopic.php?f=53&t=25932;AkitaInu;Chorzów
[S] Exoplanets, Five Tribes, Badacze Głębin + inne;http://www.gry-planszowe.pl/forum/viewtopic.php?f=53&t=25691;Leirualxxx;Rumia
[S] Space Dealer;http://www.gry-planszowe.pl/forum/viewtopic.php?f=53&t=36466;idha;Poznań
[S] Wyprzedaż gier;http://www.gry-planszowe.pl/forum/viewtopic.php?f=53&t=24010;Muldek;Mogilno
[S] Legendary Encounters: Alien, Kolejka - Warszawa;http://www.gry-planszowe.pl/forum/viewtopic.php?f=53&t=45022;zaki850;Warszawa
[S/W] WP LCG,CV,HEX, Ascension...;http://www.gry-planszowe.pl/forum/viewtopic.php?f=53&t=28679;ceville;Zielona Góra
Nieustająca wyprzedaż u Garga (aktualizacja 14 IX 2016);http://www.gry-planszowe.pl/forum/viewtopic.php?f=53&t=23872;garg;Warszawa
[S/W]Cosmic Encounter +CI, Wysokie Napięcie:Manager Fabryki;http://www.gry-planszowe.pl/forum/viewtopic.php?f=53&t=46322;arshenik!;Skawina/Kraków
[S/W] Głównie euro, dodatki/promki, GeekMod;http://www.gry-planszowe.pl/forum/viewtopic.php?f=53&t=32126;Ostry;Warszawa
[S] Impulse [eng];http://www.gry-planszowe.pl/forum/viewtopic.php?f=53&t=46314;Furan;Warszawa, Wola
[s] różne gry (Ortus, Kacper Ryx, Ashes, Krawawa oberża...);http://www.gry-planszowe.pl/forum/viewtopic.php?f=53&t=31500;Yavi;Gdańsk
[S] Mage Knight + Lost Legion;http://www.gry-planszowe.pl/forum/viewtopic.php?f=53&t=43385;michalku;Poznań
[S] Conflict of Heroes: 2ed+Poland+solo, + inne;http://www.gry-planszowe.pl/forum/viewtopic.php?f=53&t=30415;raj;Warszawa
[S /W] Brettspiel Adventskalender 2016 oraz  inne;http://www.gry-planszowe.pl/forum/viewtopic.php?f=53&t=24724;Naro;Kwidzyn
[S/W] The Others [KS], Steam Park, Seafall;http://www.gry-planszowe.pl/forum/viewtopic.php?f=53&t=31829;Keo;Świebodzice
[S] Listy, Venus, SA, Age of Industry, Sigismundus itp.;http://www.gry-planszowe.pl/forum/viewtopic.php?f=53&t=23641;Koshiash;Kraków
[S] Małe i duże.;http://www.gry-planszowe.pl/forum/viewtopic.php?f=53&t=32044;miras23;Szczecin
[S/W]Descent 1ed + 4 dod, Zombicide S1,Lord of the Ring FotB;http://www.gry-planszowe.pl/forum/viewtopic.php?f=53&t=24432;Night wolf;Opole(Chróścina Op.), Brzeg
[S/W] Great Western Trail, Jorvik, Dynasties (Essen 2016);http://www.gry-planszowe.pl/forum/viewtopic.php?f=53&t=24006;woj_settlers;Poznań
[S/W] Kraków - K2, Age of War;http://www.gry-planszowe.pl/forum/viewtopic.php?f=53&t=40374;Coin22;Krakow
[S/W] Shogun: DT, Hollywood, Ryzyko, Sequence i inne;http://www.gry-planszowe.pl/forum/viewtopic.php?f=53&t=33954;wujek2114;Wrocław (Górowo)
[S]Carson City BB ,ATS,Automania,Inferno,Masmorra,Prodigals;http://www.gry-planszowe.pl/forum/viewtopic.php?f=53&t=37341;crsunik;Warszawa Wesoła
[S] Men of Faith (The Others), E-raptor, kości Q-worshop;http://www.gry-planszowe.pl/forum/viewtopic.php?f=53&t=44750;olsszak;Warszawa
[S] Sprzedane;http://www.gry-planszowe.pl/forum/viewtopic.php?f=53&t=39314;hamish;Pawłowice
[S] Starcraft + Brood War;http://www.gry-planszowe.pl/forum/viewtopic.php?f=53&t=24028;Zet;Sosnowiec
S] Cavum - eurosuchar Kieslinga&Kramera 45% taniej!!;http://www.gry-planszowe.pl/forum/viewtopic.php?f=53&t=24707;jingowawa;Warszawa
[S] - Rum & Bones;http://www.gry-planszowe.pl/forum/viewtopic.php?f=53&t=32542;wentario;Opole
[S] Wiertła, Skały..., Mistfall, Dominiony, Martwa Zima 2...;http://www.gry-planszowe.pl/forum/viewtopic.php?f=53&t=23660;Malash;Warszawa                       Praga Płd.
[S/W] Simurgh - edycja wspieram.to;http://www.gry-planszowe.pl/forum/viewtopic.php?f=53&t=40107;gryfius;Warszawa
[S] Horror w Arkham: Gra Karciana.Nadmiarowe karty z 2-go ZP;http://www.gry-planszowe.pl/forum/viewtopic.php?f=53&t=46290;szczudel;Kraków/Niepolomice
[S] Roll for the Galaxy (ANG) + Ambition (ANG) = 200 zł;http://www.gry-planszowe.pl/forum/viewtopic.php?f=53&t=24019;pan_satyros;Chorzów
[S/W] Wizard Kings, Antike, SftGE, XCOM (EN)->XCOM (PL);http://www.gry-planszowe.pl/forum/viewtopic.php?f=53&t=24003;Robercik0;Warszawa
[s] Through the Ages, Puerto R., Blef, Bang Bullet,LandUnter;http://www.gry-planszowe.pl/forum/viewtopic.php?f=53&t=26169;Sztefan;Warszawa
[S] Runebound PL 3ed. / Szmal;http://www.gry-planszowe.pl/forum/viewtopic.php?f=53&t=34401;Cinx;Kraków
[S]Zamki Szlonego Króla Ludwika, Samuraj, Intryganci, inne;http://www.gry-planszowe.pl/forum/viewtopic.php?f=53&t=32589;serdi;Szczecin
[S] Wyprzedaż - Różne tytuły [WRO];http://www.gry-planszowe.pl/forum/viewtopic.php?f=53&t=45464;keldorn;Wrocław
[S] Warhammer: Podbój, Blood Bowl + dodatek, Magiczny Miecz,;http://www.gry-planszowe.pl/forum/viewtopic.php?f=53&t=46281;ziggy;Siemianowice Śląskie
[S] Mnóstwo gier;http://www.gry-planszowe.pl/forum/viewtopic.php?f=53&t=23626;powermilk;Bydgoszcz
[S/W] Hunters, Suburbia, Warhamm, Osadnicy, Magnaci;http://www.gry-planszowe.pl/forum/viewtopic.php?f=53&t=26706;niepooczach;Gdańsk
[S/W] Marco Polo i mniejsze tytuły;http://www.gry-planszowe.pl/forum/viewtopic.php?f=53&t=23679;Apos;Sosnowiec
[S/W] ShadowrunCross ThunderAlley Warfighter BlackHat i inne;http://www.gry-planszowe.pl/forum/viewtopic.php?f=53&t=31593;AiS;Poznań
Monopoly City Mettal Box De;http://www.gry-planszowe.pl/forum/viewtopic.php?f=53&t=46279;Banzey;Oleśnica/Wieruszów/Wrocław
[S] Five Tribes + The Artisans of Naqala i inne;http://www.gry-planszowe.pl/forum/viewtopic.php?f=53&t=30038;Hyde;Toruń
[S/W] Różne gry - Lublin lub paczkomat(za darmo!);http://www.gry-planszowe.pl/forum/viewtopic.php?f=53&t=42280;pwoloszun;Lublin
(S/W) Zombicide PL, Fief PL , Mombasa PL, Wiek Pary i inne;http://www.gry-planszowe.pl/forum/viewtopic.php?f=53&t=23851;GoldenDragon;Legnica
Gry i puzzle dla dzieci;http://www.gry-planszowe.pl/forum/viewtopic.php?f=53&t=46277;Maxxx76;Warszawa
[S] Dominion Intryga i dodatki, Pret-a-Porter;http://www.gry-planszowe.pl/forum/viewtopic.php?f=53&t=45867;siemian;Warszawa
[S] Liberte, Hobbit;http://www.gry-planszowe.pl/forum/viewtopic.php?f=53&t=46273;ronczi;Siemianowice Śląskie
[S]SW LCG, Pathfinder, Oddball, Thunderstone Adv, Robinson;http://www.gry-planszowe.pl/forum/viewtopic.php?f=53&t=23637;Liarus;Pszczyna
[S/W] Fields of Arle, Spartacus z dodatkami;http://www.gry-planszowe.pl/forum/viewtopic.php?f=53&t=40907;Sebs;Mielec
[S/w] Shadowrun, Lords of Xidit, WH: High Command i drobnica;http://www.gry-planszowe.pl/forum/viewtopic.php?f=53&t=37149;Bogenhafen;Katowice i okolice
[S/W] nIQczemni KRK;http://www.gry-planszowe.pl/forum/viewtopic.php?f=53&t=26387;Tehanu;Kraków
[S] Alchemists: King's Golem/Dziedzictwo:TDdC/X nimmt inne;http://www.gry-planszowe.pl/forum/viewtopic.php?f=53&t=31952;sillue;Piastów
[S/W] Marvel DM AvsX, AGOT LCG Core Set 1ed, Czarne Hist. C1;http://www.gry-planszowe.pl/forum/viewtopic.php?f=53&t=46264;zabass;Warszawa / Łódź
[S]Netrunner, Steel Driver, Dominion;http://www.gry-planszowe.pl/forum/viewtopic.php?f=53&t=23975;Tyrek;Lubin
[S/W]  Relic Runners, Pasha, Get Nuts;http://www.gry-planszowe.pl/forum/viewtopic.php?f=53&t=24121;Kamieniak;Szamotuły
[S] Ystari, Quarriors! Set Up Box;http://www.gry-planszowe.pl/forum/viewtopic.php?f=53&t=23720;gregvip;Proszowice k. Krakowa
Wszystko sprzedane;http://www.gry-planszowe.pl/forum/viewtopic.php?f=53&t=41224;bulaxyz82;Kielce
[S] B-Sieged, Kingdom Builder, Zooloretto, Ma Ni Ki;http://www.gry-planszowe.pl/forum/viewtopic.php?f=53&t=26987;Al;Wodzisław Śl. ( Gorzyce )
[S/W] Friedrich EJ, Prosperity, Pretor, 51stan;http://www.gry-planszowe.pl/forum/viewtopic.php?f=53&t=23603;tiktuk;Białystok
[S]  Celestia, Król i Zabójcy, Camel Up...;http://www.gry-planszowe.pl/forum/viewtopic.php?f=53&t=31421;JAskier;Toruń
obniżka [S]Sola Fide, Champions of Midgard;http://www.gry-planszowe.pl/forum/viewtopic.php?f=53&t=25276;Vandal;Warszawa
[S] Gra o tron 2ed, Struggle of Empires;http://www.gry-planszowe.pl/forum/viewtopic.php?f=53&t=36715;garrecisko;Poznań [New Caprica]
[S/W] Różne gry - Opole;http://www.gry-planszowe.pl/forum/viewtopic.php?f=53&t=37242;Vermin83;Gdynia
[S] Wiertła Skały Minerały;http://www.gry-planszowe.pl/forum/viewtopic.php?f=53&t=42632;Grzesiek11;Pszczyna
[S/W] Carcassonne Wyspa Skye Jaskinia Cthulu [Wroc];http://www.gry-planszowe.pl/forum/viewtopic.php?f=53&t=39965;Golebievicus;Wrocław
[S/W] Lewis & Clark;http://www.gry-planszowe.pl/forum/viewtopic.php?f=53&t=46254;77rpm;Jelenia Góra
[S]Guildhall,Yinsh,Giants,Carcassonne,Deadwood,Rokoko i inne;http://www.gry-planszowe.pl/forum/viewtopic.php?f=53&t=32602;gaciak;Szczecin
Na sprzedaż u rhcorvin;http://www.gry-planszowe.pl/forum/viewtopic.php?f=53&t=41415;rhcorvin;Poznań
[S/W] Alea Iacta Est, Sekary, Hotel Samoa i inne;http://www.gry-planszowe.pl/forum/viewtopic.php?f=53&t=32919;Tomzaq;Silesia Superior
[S] Bang  Ucieczka [Wrocław];http://www.gry-planszowe.pl/forum/viewtopic.php?f=53&t=41453;BIgBadWolf;Wrocław
[S]MAM ZA DUŻO GIER! ZABIERZCIE JE ODE MNIE! :D;http://www.gry-planszowe.pl/forum/viewtopic.php?f=53&t=27947;syfon;Warszawa
[S/W]Tide of Iron, Conquest of Empire;http://www.gry-planszowe.pl/forum/viewtopic.php?f=53&t=38096;SuperTramp;Bełchatów
[S] Realm of Wonder, Poseidon, Alhambra, Pośród Gwiazd +inne;http://www.gry-planszowe.pl/forum/viewtopic.php?f=53&t=40864;for2players;Bydgoszcz
[W/S]Horror Arkham i Dodatki, Thorgal, Doom Trooper,Labirynt;http://www.gry-planszowe.pl/forum/viewtopic.php?f=53&t=35056;oen;Wawa
[S] Kilka tytułów;http://www.gry-planszowe.pl/forum/viewtopic.php?f=53&t=30344;Owczy;Gliwice
[S/W] solo od VPG, La Granja, Fields of Arle, Labyrinth ...;http://www.gry-planszowe.pl/forum/viewtopic.php?f=53&t=24823;Lord of the Void;Lublin
Agricola, Wysoki Napięcie, Niagara, Il Vecchio, Panic Lab..;http://www.gry-planszowe.pl/forum/viewtopic.php?f=53&t=24195;charlie;Poznań
[S/W]Szalona Misja, Dolina Kupców i INNE do 4 DYCH------->;http://www.gry-planszowe.pl/forum/viewtopic.php?f=53&t=25765;dewodaa;Piotrków Tryb.
[S] Terraformacja Marsa + Far Space Foundry;http://www.gry-planszowe.pl/forum/viewtopic.php?f=53&t=45977;emistrzu;Poznań
[S/W][WRO] Wyprzedaż świetnych tytułów w świetnych cenach :);http://www.gry-planszowe.pl/forum/viewtopic.php?f=53&t=37014;Ardel12;Milicz/Wrocław
[S] Dominion (PL, nowy) + Intryga + Przystań + Złoty Wiek;http://www.gry-planszowe.pl/forum/viewtopic.php?f=53&t=41720;ChlastBatem;Gdynia
[S];http://www.gry-planszowe.pl/forum/viewtopic.php?f=53&t=46236;Leander;Lublin
[S]Blueprints|Intrigue City|Pośród Gwiazd|Redacted|Spartacus;http://www.gry-planszowe.pl/forum/viewtopic.php?f=53&t=35871;8janek8;Kraków
[S/W] Stronghold, Na chwałę Rzymu, Runebound i inne;http://www.gry-planszowe.pl/forum/viewtopic.php?f=53&t=36933;PPeja;Poznań
[S] Znak Starszych Bogów+Nieznane siły;http://www.gry-planszowe.pl/forum/viewtopic.php?f=53&t=46008;Acaraje;Kraków
[S/W] Antike, Monopoly: Assassin's Creed;http://www.gry-planszowe.pl/forum/viewtopic.php?f=53&t=23918;Jarzab;Katowice
[S/W] Kilka gier;http://www.gry-planszowe.pl/forum/viewtopic.php?f=53&t=41158;Danzi93;Warszawa
[S/W] Studium, Zombicide2, N Hex 3, Summoner Wars i...(Wawa);http://www.gry-planszowe.pl/forum/viewtopic.php?f=53&t=46099;zix;Warszawa
[S/W] Fresko Big Box, Robinson, Puerto Rico, Neuroshima...;http://www.gry-planszowe.pl/forum/viewtopic.php?f=53&t=28689;jabulanix;Warszawa
[S/W] Wygnańcy Oblężenie, World of Tanks+dodatek;http://www.gry-planszowe.pl/forum/viewtopic.php?f=53&t=46219;Elemele;Katowice
[S] Brass, Vinhos, Glen More, inne...;http://www.gry-planszowe.pl/forum/viewtopic.php?f=53&t=28278;norkbes;Kraków
[S] Spartacus + The Serpents and the wolf;http://www.gry-planszowe.pl/forum/viewtopic.php?f=53&t=25284;Lubel;Warszawa
[S]Great Western Trail, Heroes Wanted, Bomb Squad,inne KRK;http://www.gry-planszowe.pl/forum/viewtopic.php?f=53&t=37071;medicus;Kraków
[S] Wiedźmin - Gra Przygodowa, Ewolucja, Teomachia;http://www.gry-planszowe.pl/forum/viewtopic.php?f=53&t=35713;minnen;Warka
[S] Francis Drake, Rokoko, Set, Avalon, Steam Park;http://www.gry-planszowe.pl/forum/viewtopic.php?f=53&t=26125;brecol;Warszawa
Via Appia, Tortuga, Kingdom Builder promo i inne;http://www.gry-planszowe.pl/forum/viewtopic.php?f=53&t=29125;idzi;Gdańsk
[S/W]WH Podbój - wymienię na coś... ,)(Wrocław);http://www.gry-planszowe.pl/forum/viewtopic.php?f=53&t=40378;mr_pepeush;Wrocław
Lewis & Clark Sprzedam/Wymienię;http://www.gry-planszowe.pl/forum/viewtopic.php?f=53&t=46214;Mlody3x6;Kraków/Krosno
[s/w] Claustrophobia, GoT druga edycja, Starship Merchants;http://www.gry-planszowe.pl/forum/viewtopic.php?f=53&t=35263;omam;Katowice
Times Stories ENG 100 zł;http://www.gry-planszowe.pl/forum/viewtopic.php?f=53&t=46204;_Berenice_;Warszawa
[S] Warszawa - około 90 tutułów - czyszczenie półek;http://www.gry-planszowe.pl/forum/viewtopic.php?f=53&t=45323;Odokar;Warszawa
[S/W] Porządki: Catan, Patchwork, Zakazana Wyspa i inne;http://www.gry-planszowe.pl/forum/viewtopic.php?f=53&t=43561;PiotrWro;Wrocław
[S/W] Kupcy i Korsarze, Tzolkin, Hostage Negotiator i inne;http://www.gry-planszowe.pl/forum/viewtopic.php?f=53&t=24549;mat_eyo;Warszawa / Łuków, woj. lubelskie
[S] POZ Qwixx , Quoridor, Fasolki + dodatek;http://www.gry-planszowe.pl/forum/viewtopic.php?f=53&t=27941;DarkSide;Poznań
Eclipse, Rock of the Marne, Operation Bagration;http://www.gry-planszowe.pl/forum/viewtopic.php?f=53&t=31101;Archanioł;Płock
[S/W]Filary ziemi z dodatkiem i inne;http://www.gry-planszowe.pl/forum/viewtopic.php?f=53&t=35296;veljarek;Warszawa - Ochota
[S] Memoir 44 + Dodatki;http://www.gry-planszowe.pl/forum/viewtopic.php?f=53&t=45749;Migdał;Warszawa
[S] nieaktualne;http://www.gry-planszowe.pl/forum/viewtopic.php?f=53&t=43883;melee;Warszawa / CK
Madeira,Aquasphere,The Curse of The Black Dice, inne - Pń;http://www.gry-planszowe.pl/forum/viewtopic.php?f=53&t=23890;MójMistrzu;Poznań
[S] Bohaterowie wyklęci, Veto, Chupacabra, Slave I (X-Wing);http://www.gry-planszowe.pl/forum/viewtopic.php?f=53&t=39741;Jedi Nadiru Radena;Radom
[S]AGoT LCG Eng, Atak Zombie;http://www.gry-planszowe.pl/forum/viewtopic.php?f=53&t=43805;dennyBgood;Wrocław
[S] Tide of Iron + bonusy, Hotel Samoa;http://www.gry-planszowe.pl/forum/viewtopic.php?f=53&t=46192;wymiatasz;Wrocław
[S/W] Teby, Santiago de Cuba, China, Światowy Konflikt;http://www.gry-planszowe.pl/forum/viewtopic.php?f=53&t=45436;RunMan;Olsztyn
Talisman PL;http://www.gry-planszowe.pl/forum/viewtopic.php?f=53&t=40003;shaigan;Pruszków
[S/W]M.in.Imperial Assault, TS:Under the Mask, Stronghold;http://www.gry-planszowe.pl/forum/viewtopic.php?f=53&t=42417;Deem;Warszawa
[S] Rune Age Kamień Gromu;http://www.gry-planszowe.pl/forum/viewtopic.php?f=53&t=46094;Xfenix;Wałbrzych
[S/W] Tash Kalar+Wiczna zima, Cavum;http://www.gry-planszowe.pl/forum/viewtopic.php?f=53&t=32623;istvankohany;Warszawa
[W]Noc Magów,Dominion Rozdarte K, D: Róg Obfitości;http://www.gry-planszowe.pl/forum/viewtopic.php?f=53&t=28534;brom69;Kielce
[S] Tash-Kalar, Badacze, Pocket Imperium, Artifacts INC;http://www.gry-planszowe.pl/forum/viewtopic.php?f=53&t=40434;opiklus;Warszawa
( ͡º ͜ʖ͡º) Thunderstone, Simurgh i drobnica [S];http://www.gry-planszowe.pl/forum/viewtopic.php?f=53&t=23570;zomboni;Szczecin
Nieaktualne;http://www.gry-planszowe.pl/forum/viewtopic.php?f=53&t=24261;Robespierre;Kraków
[S] Vast: The Crystal Caverns;http://www.gry-planszowe.pl/forum/viewtopic.php?f=53&t=26676;Victor Strogow;Kraków
[S/W] Kilkanaście gier - nowości ze wspieram plus...;http://www.gry-planszowe.pl/forum/viewtopic.php?f=53&t=25939;Christoforos;Lublin
[S] Zamki, Tiny Epic Kingdoms, Waleczne Piksele 1/2, Avalon;http://www.gry-planszowe.pl/forum/viewtopic.php?f=53&t=36790;niwgnip;Gliwice
[S] Unhappy King Charles, Dominion, Dominion Intrygal, inne;http://www.gry-planszowe.pl/forum/viewtopic.php?f=53&t=46078;Leviathan;Lublin
[S] Brak Towaru;http://www.gry-planszowe.pl/forum/viewtopic.php?f=53&t=35302;hastati;Kraków
[S] Battlelore 1-st ed. + 5 dodatków;http://www.gry-planszowe.pl/forum/viewtopic.php?f=53&t=45519;unicorn;Gdańsk
[s] Nothing Personal,Homeland, WWE Showdown i inne TANIO;http://www.gry-planszowe.pl/forum/viewtopic.php?f=53&t=38532;Krwawisz;Szamotuły/Poznań
[S] Warszawa/35 gier: Namiestnik, Mali Powstańcy, Pingwiny..;http://www.gry-planszowe.pl/forum/viewtopic.php?f=53&t=25866;lukwych;Warszawa
[S] Battlestar, The Networks, Arkham Horror, K2;http://www.gry-planszowe.pl/forum/viewtopic.php?f=53&t=26292;Haloon;Poznań
S/W Szeryf Komiks Mumia D.Eggs Olympus Adel Verpflichtet;http://www.gry-planszowe.pl/forum/viewtopic.php?f=53&t=23813;wajwa;Zabrze
[S] Versailles . Packa na muchy,;http://www.gry-planszowe.pl/forum/viewtopic.php?f=53&t=24464;bober;Zambrów
[S]Basilica, Deadwood, Gear & Piston i inne OBNIŻKI;http://www.gry-planszowe.pl/forum/viewtopic.php?f=53&t=29971;jolietjake;Warszawa / Sosnowiec
[S] super dungeon explore forgotten king kickstarter + dodat;http://www.gry-planszowe.pl/forum/viewtopic.php?f=53&t=45937;NeuroScar;Poznań
Studium w szmaragdzie PL OKAZJA KRK;http://www.gry-planszowe.pl/forum/viewtopic.php?f=53&t=46107;waskopiotr88;Kraków
-;http://www.gry-planszowe.pl/forum/viewtopic.php?f=53&t=30256;vinnichi;Lublin
[S] Abalone, Mondo, Mr.Jack- OBNIŻKI;http://www.gry-planszowe.pl/forum/viewtopic.php?f=53&t=37247;neotom;Gdańsk
[S/W] Defenders of the Last Stand, Warhammer Quest;http://www.gry-planszowe.pl/forum/viewtopic.php?f=53&t=33370;Evenfall;Gostyń
[S/W] Pillars of Eternity, Empires, Narodziny Imperium i inn;http://www.gry-planszowe.pl/forum/viewtopic.php?f=53&t=23748;Kretilla;Lublin
[S/W]  chwilowo nic;http://www.gry-planszowe.pl/forum/viewtopic.php?f=53&t=28767;muker;Zabrze
[S/W] Mare Nostrum PL, Inwazja x2, Monopol i inne;http://www.gry-planszowe.pl/forum/viewtopic.php?f=53&t=35687;raiden25;Warszawa
Belfort, W:Inwazja, SM:Civ+dodatki, Libertalia;http://www.gry-planszowe.pl/forum/viewtopic.php?f=53&t=30022;felicisimus;Kraków
[S] Colt Express;http://www.gry-planszowe.pl/forum/viewtopic.php?f=53&t=24110;aplegat;Warszawa, obecnie
[S] Battlestar Galactica, Konie i Dyliżans, Tokaido;http://www.gry-planszowe.pl/forum/viewtopic.php?f=53&t=28662;pabloviega;Kraków
[W/S] Robinson, Splendor, Kto z kim, M.słowa, NY chase,GraoT;http://www.gry-planszowe.pl/forum/viewtopic.php?f=53&t=27682;dawiata;Torun/Bydgoszcz
[S] Aktualnie nic.;http://www.gry-planszowe.pl/forum/viewtopic.php?f=53&t=42149;Morgon;Nowa Sól, Lubuskie
[S] Gra o Tron 2 ed. PL, Dixit Odyssey PL;http://www.gry-planszowe.pl/forum/viewtopic.php?f=53&t=33484;DMoss;Gdynia
[S/W] Star Wars, Jenga, Cthulhu, Zombie Terror, Farmageddon;http://www.gry-planszowe.pl/forum/viewtopic.php?f=53&t=45340;shady44;Białogard
[S] Rycerze Pustkowi PL, Wallenstein 2nd edition;http://www.gry-planszowe.pl/forum/viewtopic.php?f=53&t=26132;DarkBogas;Krapkowice
{S} Sprzedam Arkham Horror, Warhammer Invasion;http://www.gry-planszowe.pl/forum/viewtopic.php?f=53&t=46119;Keil;KIELCE
[S] Głównie gry FFG i GMT;http://www.gry-planszowe.pl/forum/viewtopic.php?f=53&t=36278;Kostyr;Warszawa
[S/W] Po Essenowe porządki;http://www.gry-planszowe.pl/forum/viewtopic.php?f=53&t=23545;ArSaghar;Plewiska /Poznań/
[S] Simurgh;http://www.gry-planszowe.pl/forum/viewtopic.php?f=53&t=32605;markoo;Bydgoszcz
Zamienię grę Small World;http://www.gry-planszowe.pl/forum/viewtopic.php?f=53&t=45027;lord;Silesia
[S/W]MtG: Arena of the Planeswalker, Jungle S;http://www.gry-planszowe.pl/forum/viewtopic.php?f=53&t=26436;majkosis;Warszawa
[S/W]Simurgh,WojnaNarodów,FormułaD,Podbój,Spoils...,+UNIKATY;http://www.gry-planszowe.pl/forum/viewtopic.php?f=53&t=36442;_Jarek_;Tczew
[S] Staufer Dynasty;http://www.gry-planszowe.pl/forum/viewtopic.php?f=53&t=45722;Morkret;Kraków
[S] Super Dung. Expl,Onirim[W] Posiadłość, Terrafor.M.+;http://www.gry-planszowe.pl/forum/viewtopic.php?f=53&t=24451;Krissos;Kraków
[S] Duży zestaw Netrunner LCG (ENG);http://www.gry-planszowe.pl/forum/viewtopic.php?f=53&t=46098;Migdał;Warszawa
[S] DRAKON;http://www.gry-planszowe.pl/forum/viewtopic.php?f=53&t=38248;Retro;Wielkie Księstwo Warszawskie
La granja i inne;http://www.gry-planszowe.pl/forum/viewtopic.php?f=53&t=27478;windziarz44;Lublin
[S] ENCORE, SFERA, Wojownik... Skyline, Defenders of ...;http://www.gry-planszowe.pl/forum/viewtopic.php?f=53&t=45223;Gromb;Katowice
[S/W] Qwirkle, Medieval Battle, TALIE SW;http://www.gry-planszowe.pl/forum/viewtopic.php?f=53&t=45931;Orik;Toruń
[S][W] LOTR Board Game, Monster & Mythen z dodatkiem Die Dra;http://www.gry-planszowe.pl/forum/viewtopic.php?f=53&t=45657;laplace;Toruń
[S] Kilkanaście gier;http://www.gry-planszowe.pl/forum/viewtopic.php?f=53&t=35262;pioma10;Warszawa
[S] Ucieczka, Pergamon, ION, African Park, Tantrix;http://www.gry-planszowe.pl/forum/viewtopic.php?f=53&t=23963;flowerus;Olsztyn
[S] [Wawa] T&E, Russian Railroads, Dolina Królów, Medici;http://www.gry-planszowe.pl/forum/viewtopic.php?f=53&t=24096;raajon;Warszawa
można usunąć;http://www.gry-planszowe.pl/forum/viewtopic.php?f=53&t=43991;_Jarek_;Tczew
[S] Pola Arle - nówka ze wspieram, Pandemia-Lab., Wiebłądy;http://www.gry-planszowe.pl/forum/viewtopic.php?f=53&t=34271;Lothrain;Warszawa
[S]Liberte,BSG,Duel in the,Moonhga,Shadows,Antike, Via Appia;http://www.gry-planszowe.pl/forum/viewtopic.php?f=53&t=25532;arnbold;Kraków
[S] Arkham Horror ENG;http://www.gry-planszowe.pl/forum/viewtopic.php?f=53&t=45790;Orris;Warszawa
[S] Badacze głębin, Zertz, Warrior Knights+CoG, Evo, ŚGP;http://www.gry-planszowe.pl/forum/viewtopic.php?f=53&t=30443;Tomasz;Lublin
[S] King of New York, Dominion, Space Alert, Time Stories;http://www.gry-planszowe.pl/forum/viewtopic.php?f=53&t=26899;Polo15;Wrocław
[S]Duck DealerPandemia Zamki Ludwika StudiumwSzmar Dixit Krk;http://www.gry-planszowe.pl/forum/viewtopic.php?f=53&t=33969;Sejten;Kraków
[S] Tiny Epic Western;http://www.gry-planszowe.pl/forum/viewtopic.php?f=53&t=46062;mazylek;Grodzisk Maz.
Curse of the Black Dice, Crime Story, Ultimate Deck Box;http://www.gry-planszowe.pl/forum/viewtopic.php?f=53&t=45535;Fisiel;Gdańsk
[S] Alcemicy;http://www.gry-planszowe.pl/forum/viewtopic.php?f=53&t=45747;Salah Ad-Din;Wieluń
[S] Golden Horn,;http://www.gry-planszowe.pl/forum/viewtopic.php?f=53&t=24901;Platan;Łódź
[S/W]Głownie euro;http://www.gry-planszowe.pl/forum/viewtopic.php?f=53&t=28404;sipio;Warszawa
[S/W]Trojmiasto: Szalona Misja(Folia), NOWY JORK 1901(Folia);http://www.gry-planszowe.pl/forum/viewtopic.php?f=53&t=45019;Kolumb;Gdansk
[S] Multipromocja! Escape: Zombie;http://www.gry-planszowe.pl/forum/viewtopic.php?f=53&t=30248;elmotoja;Wrocław (rzadziej Zielona Góra)
[S] DS, ZW, Awanturnic, SA,RftG,MZ,imp,1960;http://www.gry-planszowe.pl/forum/viewtopic.php?f=53&t=27247;vder;warszawa
[S] Bitwy Westeros oraz Descent Wędrówki w Mroku;http://www.gry-planszowe.pl/forum/viewtopic.php?f=53&t=34914;Einar;Poznań
[S] The Others KS;http://www.gry-planszowe.pl/forum/viewtopic.php?f=53&t=35319;bubu;Poznań
[S] The Others 7 Sins;http://www.gry-planszowe.pl/forum/viewtopic.php?f=53&t=46034;chelcho;Warszawa
[S]Colt Express, Znak Starszych Bogów, Morderstwo pod Roz...;http://www.gry-planszowe.pl/forum/viewtopic.php?f=53&t=36740;ciamoslaw;Wrocław
[S/W] kilka gier - Katowice;http://www.gry-planszowe.pl/forum/viewtopic.php?f=53&t=42880;evenstar;Katowice
S/W PS3+2 pady+32 gry+ok 50 Figurek do Serii Skylanders;http://www.gry-planszowe.pl/forum/viewtopic.php?f=53&t=46032;maciejo;Gliwice-Bielefeld
[S] Promki (BBoM, Resistance);http://www.gry-planszowe.pl/forum/viewtopic.php?f=53&t=45810;rattkin;Poznań
[S/W] Impulse,Hop,Salamanca,EiT;http://www.gry-planszowe.pl/forum/viewtopic.php?f=53&t=27394;tassman;Rzeszów
[S/W], Augustus, Famiglia;http://www.gry-planszowe.pl/forum/viewtopic.php?f=53&t=42066;Wincenty Jan;Jaworzno
[S] 4x Dominion + skrzynia;http://www.gry-planszowe.pl/forum/viewtopic.php?f=53&t=44568;keldorn;Wrocław
[s] Antarctica;http://www.gry-planszowe.pl/forum/viewtopic.php?f=53&t=46018;emistrzu;Poznań
[S]Cywilizacja-Poprzez Wieki, NHex!: Dancer (2.5);http://www.gry-planszowe.pl/forum/viewtopic.php?f=53&t=38288;dizzit;WW
[S] Rialto, 7 Ronin;http://www.gry-planszowe.pl/forum/viewtopic.php?f=53&t=40912;Maxxx76;Warszawa
[W]  Gamedec / Saint or sinner;http://www.gry-planszowe.pl/forum/viewtopic.php?f=53&t=37946;zlyczarny;Nowy Tomyśl
[ s ] MAMY SZPIEGA nowa;http://www.gry-planszowe.pl/forum/viewtopic.php?f=53&t=45642;Salah Ad-Din;Wieluń
[S] Warhammer Quest: The Adventure Card Game PL, Atak Zombie;http://www.gry-planszowe.pl/forum/viewtopic.php?f=53&t=45186;nanautzin;Koszalin
[S]...i wiele innych;http://www.gry-planszowe.pl/forum/viewtopic.php?f=53&t=39099;janekbossko;Szczecin
[S]Captains of Golden Age, Via Nebula, ZhanGuo;http://www.gry-planszowe.pl/forum/viewtopic.php?f=53&t=26298;Cin;Warszawa, czasem Kielce
[W/S]Szeryf z Nottingham, Garbage Day, K2, Filmowa Gra;http://www.gry-planszowe.pl/forum/viewtopic.php?f=53&t=29459;swiroff;Kraków
[S]Battlestar Galactica + dodatki, Wiochmen 2, On the Edge;http://www.gry-planszowe.pl/forum/viewtopic.php?f=53&t=45996;cronenberg;Warszawa
[S] Bios Genesis;http://www.gry-planszowe.pl/forum/viewtopic.php?f=53&t=45991;Franek Strzała;Warszawa
[S] M.in.: Dziedzictwo: TDdC, Space Hulk: AŚ, Wysokie Napięc;http://www.gry-planszowe.pl/forum/viewtopic.php?f=53&t=45897;janekb;Chorzów
[S] WRO Herosi, Onirim, Piętaszek;http://www.gry-planszowe.pl/forum/viewtopic.php?f=53&t=32807;Pan_K;Wrocław
[S] Rycerze Pustkowi 134,90 zł wspieram.to, Potwory w Tokio+;http://www.gry-planszowe.pl/forum/viewtopic.php?f=53&t=33499;ramar;Kalisz
[S] Thunder Ally, Symbioz, Salmon Run, Fire Axe, Hegemonic;http://www.gry-planszowe.pl/forum/viewtopic.php?f=53&t=26250;Vester;Warszawa
(S)Jeszcze Jeszcze taniej - Pakiet;http://www.gry-planszowe.pl/forum/viewtopic.php?f=53&t=30257;maciejo;Gliwice-Bielefeld
[S] Sekigahara, Dark Tales, Atak Zombie;http://www.gry-planszowe.pl/forum/viewtopic.php?f=53&t=23607;Odi;Gdynia
[S] Orzeł i Gwiazda, Świat Mroku RPG;http://www.gry-planszowe.pl/forum/viewtopic.php?f=53&t=37470;karawanken;Poznań
[S]  Star Realms: Crisis - Heroes;http://www.gry-planszowe.pl/forum/viewtopic.php?f=53&t=45766;blasimor;Bydgoszcz
[S] Pandemic Legacy, Sail to India;http://www.gry-planszowe.pl/forum/viewtopic.php?f=53&t=45533;magole;Sosnowiec
[S/W] MW: Academy / Cry Havoc / Flash Point / Wyspa Skye;http://www.gry-planszowe.pl/forum/viewtopic.php?f=53&t=39558;YashaKun;Bydgoszcz
[S] Nauticus, TIME Stories (exp.), Small World i inne;http://www.gry-planszowe.pl/forum/viewtopic.php?f=53&t=23573;Veridiana;Wodzisław Śl.
Aktualnie nic;http://www.gry-planszowe.pl/forum/viewtopic.php?f=53&t=45786;Redor;Piekary Śląskie
[S] Cosa Nostra + RFtG + Tikal + Munchkin + Red 7;http://www.gry-planszowe.pl/forum/viewtopic.php?f=53&t=45112;zryty89;Rybnik
[s] 7 cudów Pojedynek  PL  [ 7 wonders DUEL ];http://www.gry-planszowe.pl/forum/viewtopic.php?f=53&t=45893;Salah Ad-Din;Wieluń
[S] Jaipur, Rilato, Soul Hunters i inne;http://www.gry-planszowe.pl/forum/viewtopic.php?f=53&t=29246;Żucho;Lublin
[s]  CVilizacje koszulki na wszystkie karty do EH i dodatki;http://www.gry-planszowe.pl/forum/viewtopic.php?f=53&t=43398;Konioczynka;Warszau
[S] Palmyra, Shinobi WAT-AAH;http://www.gry-planszowe.pl/forum/viewtopic.php?f=53&t=32573;Ciuniek;Babin k/ Lublina
[W] Mnóstwo gier;http://www.gry-planszowe.pl/forum/viewtopic.php?f=53&t=43457;finezix;Warszawa
[S/W] Earth Reborn, MEverest, Mage Wars, IKnow;http://www.gry-planszowe.pl/forum/viewtopic.php?f=53&t=37697;emil20056;Warszawa
[S]Wiele gier: MERCS: RECON, ESPANA 20, AGOT LCG 2ed,;http://www.gry-planszowe.pl/forum/viewtopic.php?f=53&t=23792;Wallenstein;Kędzierzyn-Koźle
NIC;http://www.gry-planszowe.pl/forum/viewtopic.php?f=53&t=43068;Porchpeople;Katowice
[s] Wizards of the Wild, Lift Off;http://www.gry-planszowe.pl/forum/viewtopic.php?f=53&t=25722;grabash4u;Głogów
2 x Doctor Strange Team Pack;http://www.gry-planszowe.pl/forum/viewtopic.php?f=53&t=45923;waskopiotr88;Kraków
[S/W] Gra o Tor;http://www.gry-planszowe.pl/forum/viewtopic.php?f=53&t=35467;dariuszkoziel;Chorzów
[S/W]NIC;http://www.gry-planszowe.pl/forum/viewtopic.php?f=53&t=37278;Nesmeer;Łódź
[S/W] Istanbul, Nehemiasz, Rattus i inne;http://www.gry-planszowe.pl/forum/viewtopic.php?f=53&t=45917;wojtolino;Krosno/Poznań
[S] Sherlock Holmes Consulting Detective;http://www.gry-planszowe.pl/forum/viewtopic.php?f=53&t=36576;warran;Wrocław
[S] Statki.., Mythotopia, Maria, Mage Wars, Cashflow i inne;http://www.gry-planszowe.pl/forum/viewtopic.php?f=53&t=33424;prz22;Kraków
[S/W] Talizman, Osadnicy podbój, Doomsday Machine, ...;http://www.gry-planszowe.pl/forum/viewtopic.php?f=53&t=38850;KrewnyKrolika;Tarczyn
Sprzedam Quarriors Warszawa;http://www.gry-planszowe.pl/forum/viewtopic.php?f=53&t=45910;Assaultmarine;Warszawa/Marki
[S/W]Różności, wojenne, logiczne... - NIC;http://www.gry-planszowe.pl/forum/viewtopic.php?f=53&t=30350;pomyj;Bielsko-Biała
[W] Warhammer Quest PL + Gratisy -> Warhammer Quest ENG;http://www.gry-planszowe.pl/forum/viewtopic.php?f=53&t=29611;c08mk;Rzeszów
Jesienna wyprzedaż.;http://www.gry-planszowe.pl/forum/viewtopic.php?f=53&t=27473;Dwntn;Chorzów
[S] - Adrenaline, Ashes:RotP, Pełny zestaw 51Stan, Agora;http://www.gry-planszowe.pl/forum/viewtopic.php?f=53&t=27148;Cierń;Gliwice/Sośnica
[W/S] chwilowo nic;http://www.gry-planszowe.pl/forum/viewtopic.php?f=53&t=23569;Bea;Skawina k/Krakowa
[S] Osadnicy z Catanu, Evo, Cash & Guns i in.;http://www.gry-planszowe.pl/forum/viewtopic.php?f=53&t=45899;radekb-b;Bielsko-Biała
[S/W] Chariot Race ( ESSEN 2016) + wiele innych;http://www.gry-planszowe.pl/forum/viewtopic.php?f=53&t=23662;100rk;Siemianowice Śląskie
[S] Conflict of Heroes: Awakening the Bear - 190 zł.;http://www.gry-planszowe.pl/forum/viewtopic.php?f=53&t=43784;blazo;Warszawa
[S] Osadnicy z catanu (drewno), Battlestar, LeHavre, inne;http://www.gry-planszowe.pl/forum/viewtopic.php?f=53&t=39876;pit84;Pruszcz Gdański
[S/W]PółkaSztefyna: Pustki...;http://www.gry-planszowe.pl/forum/viewtopic.php?f=53&t=35709;sztefyn;Olsztyn
[S] Obecnie brak propozycji;http://www.gry-planszowe.pl/forum/viewtopic.php?f=53&t=36012;tr3b0r;Legnica
[S]Wiele: Archipelago, SA, Indonesia, Railroads MageWars,...;http://www.gry-planszowe.pl/forum/viewtopic.php?f=53&t=23574;Galatolol;Kraków
[S] Conan [wersja Kickstarter ze wszystkimi SG];http://www.gry-planszowe.pl/forum/viewtopic.php?f=53&t=45852;Musza;Kraków
[S/W] Simurgh PL, Medina, Nations, Petanque ...;http://www.gry-planszowe.pl/forum/viewtopic.php?f=53&t=27393;Qlaqs;Toruń
[S] Raise Your Goblets (Essen 2016);http://www.gry-planszowe.pl/forum/viewtopic.php?f=53&t=45868;herman;ukochana Warszawa
[S][WRO] Caverna ang., New Science, Suburbia, Goblins i inne;http://www.gry-planszowe.pl/forum/viewtopic.php?f=53&t=45114;kkruliczekk;Wrocław
[S] WYPRZEDAŻ dużo gier [Warszawa];http://www.gry-planszowe.pl/forum/viewtopic.php?f=53&t=23550;Atamán;Warszawa
[S]Age of steam,Thurn und Taxi,Cable Car, Na Grunwald i inne;http://www.gry-planszowe.pl/forum/viewtopic.php?f=53&t=26943;Mafia L45H;Wrocław
[S/W] Koncept;http://www.gry-planszowe.pl/forum/viewtopic.php?f=53&t=30749;Malypin;Ostrów Wielkopolski
[S] Catan - dodatek Żeglarze NOWY;http://www.gry-planszowe.pl/forum/viewtopic.php?f=53&t=27955;Reid666;Skawina / Kraków
(S)Doctor Strange Team Pack x2 KRK;http://www.gry-planszowe.pl/forum/viewtopic.php?f=53&t=45848;waskopiotr88;Kraków
[S] Warior Knights,Union Pacific,DOomrock,Dreamblade od 1PLN;http://www.gry-planszowe.pl/forum/viewtopic.php?f=53&t=45842;Yatzek;Szczecin
[S] nic;http://www.gry-planszowe.pl/forum/viewtopic.php?f=53&t=45767;anorak;Zielona Góra
[S/W] Ankh Morpork, Delorean- colt expr;http://www.gry-planszowe.pl/forum/viewtopic.php?f=53&t=42575;sendrill;Tychy
[S] Hostage Negotiator z dodatkami;http://www.gry-planszowe.pl/forum/viewtopic.php?f=53&t=42743;MsbS;Warszawa
[S/W] Zombiecide Black Plague - dodatki;http://www.gry-planszowe.pl/forum/viewtopic.php?f=53&t=44196;Ademius;Legnica
[S/W] Wiertła, Skały, Minerały;http://www.gry-planszowe.pl/forum/viewtopic.php?f=53&t=24604;Krionah;Kalisz
[s]Arena of Planeswalker, Descent + dodatek, WoT: Rush;http://www.gry-planszowe.pl/forum/viewtopic.php?f=53&t=35449;Fegat;Zabrze
Sprzedam kilka fajnych pozycji;http://www.gry-planszowe.pl/forum/viewtopic.php?f=53&t=43637;Mamut;Szczecin
[S] Świat Dysku - Wiedźmy;http://www.gry-planszowe.pl/forum/viewtopic.php?f=53&t=41570;cassandra;Warszawa
[W] Dodatek do Dixit : Marzenia;http://www.gry-planszowe.pl/forum/viewtopic.php?f=53&t=45816;cassandra;Warszawa
[S]Klub utracjuszy, Teomachia, Pingwiny, Nightfall i INNE;http://www.gry-planszowe.pl/forum/viewtopic.php?f=53&t=45610;Flogiston;Gdańsk
[S]Robinson , Nations;http://www.gry-planszowe.pl/forum/viewtopic.php?f=53&t=44553;Kosma;Festung Breslau
[S/W]Yspahan, Z.Wyspa,WielbłądyKoncept, Wojownicy, Drako KRK;http://www.gry-planszowe.pl/forum/viewtopic.php?f=53&t=32492;tukojda;Kraków
[S/W] Rune Age PL;http://www.gry-planszowe.pl/forum/viewtopic.php?f=53&t=36225;piechotak;Białystok
[S]SAW, Friedrich, Amun-re, GoT+CoK,Red,Osadnicy, Concordia;http://www.gry-planszowe.pl/forum/viewtopic.php?f=53&t=37158;Ralafasko;Warszawa
[S] Dominion zestaw, REX, Carcassone, Cywilizacja poprzez w;http://www.gry-planszowe.pl/forum/viewtopic.php?f=53&t=45788;Malcavian;Gdynia
[S] Ashes, Tammany Hall, Peloponnes + dod. i inne;http://www.gry-planszowe.pl/forum/viewtopic.php?f=53&t=26061;DDP;Szczecin
[S]Pan Lodowego Ogrodu/Magia i Myszy/Remont;http://www.gry-planszowe.pl/forum/viewtopic.php?f=53&t=24687;Kaktus+;Mielec
[S] 7 Cudów: Pojedynek, 7 Cudów: Liderzy (promki);http://www.gry-planszowe.pl/forum/viewtopic.php?f=53&t=45781;rattkin;Poznań
Summoner Wars - Elfy Feniksa vs Tundrowe Orki;http://www.gry-planszowe.pl/forum/viewtopic.php?f=53&t=45243;Bary;Szczecin
[S] Yokai no Mori;http://www.gry-planszowe.pl/forum/viewtopic.php?f=53&t=45640;Furan;Warszawa, Wola
[s/w] kilka tytułów;http://www.gry-planszowe.pl/forum/viewtopic.php?f=53&t=36737;adman;Biskupiec k/Olsztyna
[S] Nic;http://www.gry-planszowe.pl/forum/viewtopic.php?f=53&t=45768;minnen;Warka
[S] sprzedam Horus Heresy ENG (+polska instrukcja);http://www.gry-planszowe.pl/forum/viewtopic.php?f=53&t=45465;p7rk;Krakow
[S] Shogun;http://www.gry-planszowe.pl/forum/viewtopic.php?f=53&t=45761;Tendel;Żory
[S] El Grande, Tikal, Puerto Rico, Agricola, Dracula, Targi;http://www.gry-planszowe.pl/forum/viewtopic.php?f=53&t=25401;piechu;Zabrze
[S/W] Minidodatki Dominion - Czarny Rynek, Poseł, Książe;http://www.gry-planszowe.pl/forum/viewtopic.php?f=53&t=29231;azz;Warszawa
Nic do odwołania.;http://www.gry-planszowe.pl/forum/viewtopic.php?f=53&t=28874;Andreal;Białystok
[S/W] Kramik u Zbajcha;http://www.gry-planszowe.pl/forum/viewtopic.php?f=53&t=23661;zbajszek;Lewin Brzeski
[S]KanbanTammany Hall,1960: Making...,CryHavoc i inne;http://www.gry-planszowe.pl/forum/viewtopic.php?f=53&t=45369;xbor;Katowice
[S] Brak ofert;http://www.gry-planszowe.pl/forum/viewtopic.php?f=53&t=39860;robocik;Wrocław
Urban Sprawl;http://www.gry-planszowe.pl/forum/viewtopic.php?f=53&t=34498;admi99;Kraków
[S] iKnow;http://www.gry-planszowe.pl/forum/viewtopic.php?f=53&t=45194;Frowrya;Warszawa
[W/S] Zombicide;http://www.gry-planszowe.pl/forum/viewtopic.php?f=53&t=43232;vcrproszek;Poznań
[S] Kilka gier...;http://www.gry-planszowe.pl/forum/viewtopic.php?f=53&t=43134;carlos;Głogów
[S] Drako - pomalowane figurki - obniżka ceny;http://www.gry-planszowe.pl/forum/viewtopic.php?f=53&t=43460;unicorn;Gdańsk
[S]Warhammer Quest Adventure EN, X-com, Tezeusz;http://www.gry-planszowe.pl/forum/viewtopic.php?f=53&t=33364;Ash;Łódź
[S] Signorie PL;http://www.gry-planszowe.pl/forum/viewtopic.php?f=53&t=36078;detrytusek;Kraków
SW LCG, Naruto, UFS, Emira;http://www.gry-planszowe.pl/forum/viewtopic.php?f=53&t=45337;Sejmitar;Wrocław
[S] Dominion;http://www.gry-planszowe.pl/forum/viewtopic.php?f=53&t=42169;tomasch;Warszawa
[S]Cyklady, Tezeusz, Amber Route, Black&White, Nightfall;http://www.gry-planszowe.pl/forum/viewtopic.php?f=53&t=43251;timon104;Zabrze/Łańcut
chwilowo przerwa;http://www.gry-planszowe.pl/forum/viewtopic.php?f=53&t=23830;Barto;Pszczyna
Dużo dobrego;http://www.gry-planszowe.pl/forum/viewtopic.php?f=53&t=23657;Emerem;B-stok
[S] Tzolkin PL, Giants, Tikal, Pan Tu Nie stał, Famigila PL;http://www.gry-planszowe.pl/forum/viewtopic.php?f=53&t=45632;lisutorun;Toruń
[S] Warfighter, Odkrycia, akcesoria, gratisy;http://www.gry-planszowe.pl/forum/viewtopic.php?f=53&t=24329;drapichrust7;Warszawa
[s/w]kramik U Cahir`a;http://www.gry-planszowe.pl/forum/viewtopic.php?f=53&t=24729;cahir;Vratislavia
Small World + dodatki PL;http://www.gry-planszowe.pl/forum/viewtopic.php?f=53&t=44601;waskopiotr88;Kraków
[S] Studium w Szmaragdzie;http://www.gry-planszowe.pl/forum/viewtopic.php?f=53&t=45619;trnks_;Częstochowa/Wrocław
[S] Dracula PL II Edycja - Nowa. OBNIŻKA !!!;http://www.gry-planszowe.pl/forum/viewtopic.php?f=53&t=45468;Slawson;warszawa
[S] Burano, Melee , Festiwal Lampionów, Szmal, Ucho Króla.;http://www.gry-planszowe.pl/forum/viewtopic.php?f=53&t=45661;emistrzu;Poznań
[W/S]Samuraj, Tibet, Hobbit i inne;http://www.gry-planszowe.pl/forum/viewtopic.php?f=53&t=37316;unicorn;Gdańsk
[S] OBNIŻKA ! -Brass,Zimna Wojna,Historia i INNE [WRO];http://www.gry-planszowe.pl/forum/viewtopic.php?f=53&t=31637;dragon77;Wrocław
Exoplanets, Mr Jack, Inside Phantom;http://www.gry-planszowe.pl/forum/viewtopic.php?f=53&t=28646;Coen;Warszawa, Sulejówek
[S] Gra o Tron Wilki Północy;http://www.gry-planszowe.pl/forum/viewtopic.php?f=53&t=44617;Salah Ad-Din;Wieluń
[S] Veto! Konfrontacja, The Resistance: Agenci Molocha;http://www.gry-planszowe.pl/forum/viewtopic.php?f=53&t=45635;Inermis;Warszawa
[S] Jaipur - mata, Abyss, Ku Radości Pana;http://www.gry-planszowe.pl/forum/viewtopic.php?f=53&t=43894;Turnavine;Warschau
[S/W] Pośród Gwiazd, Star Realms;http://www.gry-planszowe.pl/forum/viewtopic.php?f=53&t=29552;Harth;Skierniewice
[S]Wyspa Skye, Yinsh, Podejrzani, Władca Pierścieni - tanio;http://www.gry-planszowe.pl/forum/viewtopic.php?f=53&t=38149;tramwajaz;Poznań
[S] Xeno Invasion;http://www.gry-planszowe.pl/forum/viewtopic.php?f=53&t=39400;yosz;Warszawa
[S] Progress;http://www.gry-planszowe.pl/forum/viewtopic.php?f=53&t=28812;zielok;Bobrowniki/Chorzów
[S] Obecnie nic;http://www.gry-planszowe.pl/forum/viewtopic.php?f=53&t=29365;raphaell7;Kraków
[S] Nic;http://www.gry-planszowe.pl/forum/viewtopic.php?f=53&t=29109;yarzab;Dąbrowa Górnicza
[S] Termity, Zapraszamy do podziemi, Kamienie w kieszenie;http://www.gry-planszowe.pl/forum/viewtopic.php?f=53&t=45590;Anitamta87;Płock
[S] Civ, Doomtown, Magnaci, Rialto, Carol Magnus, Darjeeling;http://www.gry-planszowe.pl/forum/viewtopic.php?f=53&t=24405;gafik;pole, łyse pole... ale mam już plan!
[S/W] Listy z Whitechapel;http://www.gry-planszowe.pl/forum/viewtopic.php?f=53&t=45447;Farcoran;Kraków
[S]LOTR Władca Pierscieni LCG;http://www.gry-planszowe.pl/forum/viewtopic.php?f=53&t=45554;Andrut;Lublin
Wyprzedaż kolekcji DM okazja;http://www.gry-planszowe.pl/forum/viewtopic.php?f=53&t=45559;waskopiotr88;Kraków
Axis & Allies Miniatures - Armia Aliantów;http://www.gry-planszowe.pl/forum/viewtopic.php?f=53&t=37928;Detoxic;Gdynia
FLAMES OF WAR - British Army;http://www.gry-planszowe.pl/forum/viewtopic.php?f=53&t=37927;Detoxic;Gdynia
BLOOD BOWL KHEMRI TOMB KINGS TEAM;http://www.gry-planszowe.pl/forum/viewtopic.php?f=53&t=37926;Detoxic;Gdynia
[S] - Star Wars X-wing PL;http://www.gry-planszowe.pl/forum/viewtopic.php?f=53&t=43493;Detoxic;Gdynia
Torby na planszówki - na wymiar, na kilka gier, na wypasie!;http://www.gry-planszowe.pl/forum/viewtopic.php?f=53&t=29260;medicus;Kraków
[S] Olympos, La Granja, iKnow, Mali powstańcy...;http://www.gry-planszowe.pl/forum/viewtopic.php?f=53&t=45189;Pauly;Radom
[S] Nic;http://www.gry-planszowe.pl/forum/viewtopic.php?f=53&t=41007;troinn;Poznań
Re: [S] pusto;http://www.gry-planszowe.pl/forum/viewtopic.php?f=53&t=28539;sqb1978;Rzeszów
[S/W] Talat, Cywilizacja, Baronia, Pokój 25, Holmes S&M;http://www.gry-planszowe.pl/forum/viewtopic.php?f=53&t=27472;Piehoo;Warszawa Tarchomin
[S] Android Netrunner - Dodatek Kala Ghoda,;http://www.gry-planszowe.pl/forum/viewtopic.php?f=53&t=24809;siawq;Rzeszów
[S] Aeroplany, Hawaii;http://www.gry-planszowe.pl/forum/viewtopic.php?f=53&t=24511;kisio;Gdynia
[S] Neuroshima Hex 2.5 + Babel13 + Duel;http://www.gry-planszowe.pl/forum/viewtopic.php?f=53&t=24667;czyzyk29;Gdańsk
(S) AvP: The Hunt Begins 300pln z przesyłką/ zmiana ceny 250;http://www.gry-planszowe.pl/forum/viewtopic.php?f=53&t=45361;Piotr Komorowski;Piła
[S/W] Marvel Dice Masters - TARGOWISKO;http://www.gry-planszowe.pl/forum/viewtopic.php?f=53&t=29761;Martin_Valdez;Warszawa
[S] A Game of Thrones: The Card Game (2ed) (3CS, CYKL, DELUX;http://www.gry-planszowe.pl/forum/viewtopic.php?f=53&t=45392;Markus;Gdańsk
Chcesz wymienić swoje gry? Weź udział w trwającym MatHandlu!;http://www.gry-planszowe.pl/forum/viewtopic.php?f=53&t=27578;kaszkiet;Warszawa
[S] Koncept, 07 zgłoś się, Mammut [WRO-5%taniej];http://www.gry-planszowe.pl/forum/viewtopic.php?f=53&t=29259;tomuch;zza winkla
[S]BSG, O:NI, C&C, Ground Floor;http://www.gry-planszowe.pl/forum/viewtopic.php?f=53&t=25008;razul;Wrocław
Doom + dodatek, 7 w obronie Lwowa [Kraków, Słupsk];http://www.gry-planszowe.pl/forum/viewtopic.php?f=53&t=30083;Tygrys69;Kraków
[S] Tikal;http://www.gry-planszowe.pl/forum/viewtopic.php?f=53&t=45475;Pietia189;Gdynia
[S] sprzedam Arkham Horror ENG z wszystkimi dodatkami;http://www.gry-planszowe.pl/forum/viewtopic.php?f=53&t=45318;p7rk;Krakow
[s] nic;http://www.gry-planszowe.pl/forum/viewtopic.php?f=53&t=24291;jules;Warszawa
[S] Gra o Tron 2 edycja, Pandemia, Szczęść Boże;http://www.gry-planszowe.pl/forum/viewtopic.php?f=53&t=26571;b4STEK;Okolice Szczecina
[S]Powrót do mrocznej puszczy, Podróż do Rhosgobel - WP LCG;http://www.gry-planszowe.pl/forum/viewtopic.php?f=53&t=44795;Lord_Venom;Szczecin
[S] Notre Dame, Lewis&Clark;http://www.gry-planszowe.pl/forum/viewtopic.php?f=53&t=26510;Mateez;Gliwice
[s] Ubongo 3d, C&C Napolenics + 4 armie, Warhammer;http://www.gry-planszowe.pl/forum/viewtopic.php?f=53&t=23619;loreciak;Świebodzin
Android: Netrunner (Wrocław) - sprzedane;http://www.gry-planszowe.pl/forum/viewtopic.php?f=53&t=44669;splocki;Wrocław
(S/W)Brettspiel Adventskalender 2016 - podzielimy się ?;http://www.gry-planszowe.pl/forum/viewtopic.php?f=53&t=45260;virco;Wrocław
[S]BANG!,Vikings, Monopol Junior;http://www.gry-planszowe.pl/forum/viewtopic.php?f=53&t=43023;Sir_Yaro;Gdańsk
[S]Komplet Zombicide S1+S2+S3+promo+dodatki;http://www.gry-planszowe.pl/forum/viewtopic.php?f=53&t=24011;ernin;Gdańsk
Dice Masters;http://www.gry-planszowe.pl/forum/viewtopic.php?f=53&t=31736;panda_09;b-stok
[S/W][Wro] Tammany Hall, Upon a Salty Ocean, ...;http://www.gry-planszowe.pl/forum/viewtopic.php?f=53&t=34518;yanoo;Wrocław
[S] Trivial Pursuit;http://www.gry-planszowe.pl/forum/viewtopic.php?f=53&t=25607;Believe0852;Wrocław
[S/W] Pandemic;http://www.gry-planszowe.pl/forum/viewtopic.php?f=53&t=44511;appejron;Warszawa
[S/W] iKnow Trendy i styl życia (Wa-wa);http://www.gry-planszowe.pl/forum/viewtopic.php?f=53&t=45425;Magggie;Warszawa (Natolin)
[S/W] Medieval Academy;http://www.gry-planszowe.pl/forum/viewtopic.php?f=53&t=43054;Sylka;Warszawa, Wawer
[S] rag sprzedaje;http://www.gry-planszowe.pl/forum/viewtopic.php?f=53&t=25168;rag;Kraków/Chrzanów
[S]Posiadłość Szaleństwa,Zakazane Gwiazdy nowe wiele więcej!;http://www.gry-planszowe.pl/forum/viewtopic.php?f=53&t=42634;Myroth;Kielce
[S] Spartacus ENG;http://www.gry-planszowe.pl/forum/viewtopic.php?f=53&t=45263;Halmaris;Poznań
[S] nieużywany Mage Knight PL;http://www.gry-planszowe.pl/forum/viewtopic.php?f=53&t=43706;Fuser.exe;Poznań
[S/W] Mansions of Madness 2nd edition;http://www.gry-planszowe.pl/forum/viewtopic.php?f=53&t=33575;serafin098;Częstochowa
[S/W]]Wszystko poszło;http://www.gry-planszowe.pl/forum/viewtopic.php?f=53&t=43995;soban;Kobyłka
Puerto Rico nowa edycja, Automobile. Początek Motoryzacji.;http://www.gry-planszowe.pl/forum/viewtopic.php?f=53&t=44023;kochamplanszówki;Stargard
[S] Mistfall plus Valskyrr;http://www.gry-planszowe.pl/forum/viewtopic.php?f=53&t=45230;Acaraje;Kraków
[S] Super Dungeon Explore: Forgotten King;http://www.gry-planszowe.pl/forum/viewtopic.php?f=53&t=45238;CrossSleet;Gliwice
Xcom the board game EN;http://www.gry-planszowe.pl/forum/viewtopic.php?f=53&t=38371;Detoxic;Gdynia
[S] WH40k Podbój;http://www.gry-planszowe.pl/forum/viewtopic.php?f=53&t=38736;Zodd;Słupsk
[s] Tygrys i Eufrat  Wrocław Rezerwacja;http://www.gry-planszowe.pl/forum/viewtopic.php?f=53&t=45372;PiotrWro;Wrocław
[S/W] Upiór w operze Kacper Ryx;http://www.gry-planszowe.pl/forum/viewtopic.php?f=53&t=33700;Rocy7;Warszawa / Kobyłka
[S] Sigismundus, Woj Nar, Nations Dice, Pop Wieki,Pń;http://www.gry-planszowe.pl/forum/viewtopic.php?f=53&t=33293;xavier5;Poznań
[S]  Magnaci, Atak Zombie, Namiestnik;http://www.gry-planszowe.pl/forum/viewtopic.php?f=53&t=39912;Marcosii;Środa Wlkp.
[S/W] Agricola, Race for Galaxy + Gathering Storm;http://www.gry-planszowe.pl/forum/viewtopic.php?f=53&t=45058;Yaretzki;Wrocław
[W] Historia + Abetto + Strajk na jedną grę;http://www.gry-planszowe.pl/forum/viewtopic.php?f=53&t=44015;Nidav;Kraków
chwilowo nic;http://www.gry-planszowe.pl/forum/viewtopic.php?f=53&t=44510;glorfindel;Warszawa
[S] Goa, Ora et labora, Legends of Andor i inne;http://www.gry-planszowe.pl/forum/viewtopic.php?f=53&t=45328;prohibic;Płonka Kościelna
[W/S] kilka gier;http://www.gry-planszowe.pl/forum/viewtopic.php?f=53&t=45310;Heiken;Lublin
[S/W]Czyszczenie szafy - aktualnie tylko Duell;http://www.gry-planszowe.pl/forum/viewtopic.php?f=53&t=45008;devilek83;Wrocław
[S]Cała Kolekcja WARHAMMERA INWAZJI;http://www.gry-planszowe.pl/forum/viewtopic.php?f=53&t=35747;Dziubek;Kraków
[S] Nowy Jork 1901 + Flatiron | Haru Ichiban;http://www.gry-planszowe.pl/forum/viewtopic.php?f=53&t=44915;romeck;Łódź
Nic;http://www.gry-planszowe.pl/forum/viewtopic.php?f=53&t=41753;ihasel;Szczecin/Warszawa
Dolina Kupców;http://www.gry-planszowe.pl/forum/viewtopic.php?f=53&t=44343;tkaa85;Kętrzyn
[S] Game of Thrones + SoS;http://www.gry-planszowe.pl/forum/viewtopic.php?f=53&t=29651;Deem;Warszawa
[S] Pathfinder, Fury of Dracula 2nd, Tash-Kalar +++;http://www.gry-planszowe.pl/forum/viewtopic.php?f=53&t=24214;Robuzz;Czeladź/Wrocław
[S] Star Wars LCG [ENG];http://www.gry-planszowe.pl/forum/viewtopic.php?f=53&t=40415;aryss;Festung Krakau
runewars + dodatek 240zł, pandemic 150zł;http://www.gry-planszowe.pl/forum/viewtopic.php?f=53&t=43599;mih87;Jaworzno
[S\W] Puerto Rico, Pory Roku PL;http://www.gry-planszowe.pl/forum/viewtopic.php?f=53&t=39362;trynitor;Toruń
[W] wojenne (Tonkin, Wing Leader, For The People..);http://www.gry-planszowe.pl/forum/viewtopic.php?f=53&t=31102;Vernix;Białystok/Czarna Biał.
[S] Warhammer: Inwazja LCG PL - pełny playset;http://www.gry-planszowe.pl/forum/viewtopic.php?f=53&t=45247;morphine;Rzeszów
[S]Mount Everest,Party Time,K2,World of Tanks + inne.;http://www.gry-planszowe.pl/forum/viewtopic.php?f=53&t=44982;gaclawo89;Kęty
[S]Runebound 2ed, Descent 2ed, Dungeonquest 3ed;http://www.gry-planszowe.pl/forum/viewtopic.php?f=53&t=45242;Dziubek;Kraków
[S/W]KAOSBALL Z DODATKAMI, STWÓR, DM: Battle for Faerun;http://www.gry-planszowe.pl/forum/viewtopic.php?f=53&t=42638;Gizmoo;Warszawa/Sękocin Stary
[S] Brains - Japanischer Garten;http://www.gry-planszowe.pl/forum/viewtopic.php?f=53&t=45237;kmd7;Nakło
[S] -;http://www.gry-planszowe.pl/forum/viewtopic.php?f=53&t=41036;aaxxee;Ciechocinek
[s] chwilowo nic;http://www.gry-planszowe.pl/forum/viewtopic.php?f=53&t=37743;zakwas;Zgierz
[S] Mistfall plus Valskyrr;http://www.gry-planszowe.pl/forum/viewtopic.php?f=53&t=45229;Acaraje;Kraków
[S] WN: Zostań menadżerem, Kamień gromu, Warhammer Inwazja;http://www.gry-planszowe.pl/forum/viewtopic.php?f=53&t=43327;Kilpa;Wrocław
[S] Ashes, Star Realms, Dziedzictwo;http://www.gry-planszowe.pl/forum/viewtopic.php?f=53&t=24014;damogari;Gdynia
[S] duzo fajnych, czesto rzadkich gier;http://www.gry-planszowe.pl/forum/viewtopic.php?f=53&t=44639;Lopez;Szczecin
Memoir"44: rzadkość komplet;http://www.gry-planszowe.pl/forum/viewtopic.php?f=53&t=44605;adamo;Kraków
[S] Warhammer Quest karcianka  REZRWACJA;http://www.gry-planszowe.pl/forum/viewtopic.php?f=53&t=44709;Acaraje;Kraków
Glory to Rome, Summoner Wars, Leonardo Da Vinci;http://www.gry-planszowe.pl/forum/viewtopic.php?f=53&t=32704;Niestosowny;Łódź
[W] Summoner Wars - Master Set Przymierza;http://www.gry-planszowe.pl/forum/viewtopic.php?f=53&t=45122;Meechauek;Poznań
nieaktualne;http://www.gry-planszowe.pl/forum/viewtopic.php?f=53&t=45174;Atamán;Warszawa
[S]Ninja, Manoeuvre, Hacienda, Modern Society i inne;http://www.gry-planszowe.pl/forum/viewtopic.php?f=53&t=28699;dasilwa;Stolica
[S/W] Foreign King, BUS;http://www.gry-planszowe.pl/forum/viewtopic.php?f=53&t=23551;BartP;Gdynia
[S] Kilka dobrych i mniej dobrych tytułów;http://www.gry-planszowe.pl/forum/viewtopic.php?f=53&t=35129;Dziami;Stalowa Wola
[S] Fields of Arle, Fleet, X-Wing, Carcassone, Rune Age...;http://www.gry-planszowe.pl/forum/viewtopic.php?f=53&t=43846;Pauly;Radom
[S] Race for the galaxy PL - Narodziny Imperium;http://www.gry-planszowe.pl/forum/viewtopic.php?f=53&t=44564;Salah Ad-Din;Wieluń
[S/W] nic;http://www.gry-planszowe.pl/forum/viewtopic.php?f=53&t=41202;ratel;Lublin/Krakow
[S] Heroes of Normandie, Zakazane Gwiazdy, Flames of War itp;http://www.gry-planszowe.pl/forum/viewtopic.php?f=53&t=44851;Usul;Białystok
[s] Spartacus: A Game of Blood & Treachery+2 dodatki+PROMKI;http://www.gry-planszowe.pl/forum/viewtopic.php?f=53&t=44962;Wassago;Gliwice
[S] Nic;http://www.gry-planszowe.pl/forum/viewtopic.php?f=53&t=44372;wilczur;Gliwice
Nic;http://www.gry-planszowe.pl/forum/viewtopic.php?f=53&t=45003;minibi;Szczecin
Zestaw kart i kości do Dice Masters Krk;http://www.gry-planszowe.pl/forum/viewtopic.php?f=53&t=45059;waskopiotr88;Kraków
[S] Pola Arle jak nowe!;http://www.gry-planszowe.pl/forum/viewtopic.php?f=53&t=45074;Franek Strzała;Warszawa
(S/W) Zestaw kart i kości do Dice Masters Krk;http://www.gry-planszowe.pl/forum/viewtopic.php?f=53&t=45060;waskopiotr88;Kraków
[S/W] X-Wing, Zombicide KS, B-Sieged KS, Le Havre i inne;http://www.gry-planszowe.pl/forum/viewtopic.php?f=53&t=24544;zawadz;Lubin/Wrocław/London
[s] Zamki Burgundii Wawa;http://www.gry-planszowe.pl/forum/viewtopic.php?f=53&t=45052;santylion;Warszawa
[s/w] Arkham Horror + Kingsport [EN];http://www.gry-planszowe.pl/forum/viewtopic.php?f=53&t=44546;Lacaniste;Kraków
[S] kilka wojennych;http://www.gry-planszowe.pl/forum/viewtopic.php?f=53&t=41296;ghostdog;Warszawa
[W]Imperial Assault + Fett i Hired Guns na Imperium Atakuje;http://www.gry-planszowe.pl/forum/viewtopic.php?f=53&t=45048;kaszkiet;Warszawa
[S/W] Catacombs I ed.;http://www.gry-planszowe.pl/forum/viewtopic.php?f=53&t=34667;Giermek;Toruń
[w]City Tycoon i Space Cadets Dice Duel na gry dla dzieci 8+;http://www.gry-planszowe.pl/forum/viewtopic.php?f=53&t=45026;comma777;Poznań
[S/W] Kilka gier;http://www.gry-planszowe.pl/forum/viewtopic.php?f=53&t=40101;Rumburak;Wrocław
T.I.M.E Stories: The Marcy Case oraz A Prophecy of Dragons;http://www.gry-planszowe.pl/forum/viewtopic.php?f=53&t=39900;krecilapka;Szczecin
[S]  Munchkin podstawka + munchkin 2 + munchkin 3 + koszulki;http://www.gry-planszowe.pl/forum/viewtopic.php?f=53&t=44515;Salah Ad-Din;Wieluń
[S/W]La boca,Conquest of Paradise. Labirynt;http://www.gry-planszowe.pl/forum/viewtopic.php?f=53&t=23622;pioro;Poznań
[S] Mage Knight, Kemet;http://www.gry-planszowe.pl/forum/viewtopic.php?f=53&t=44734;Carmash;Gdańsk, Siedlce
[S/W]Konwój, Podbój ...;http://www.gry-planszowe.pl/forum/viewtopic.php?f=53&t=29939;Jarzynek;Częstochowa
[S] Neuroshima Hex Steel Police;http://www.gry-planszowe.pl/forum/viewtopic.php?f=53&t=32878;Łosiek;Zabrze
[S] K2, Pandemic: the Cure;http://www.gry-planszowe.pl/forum/viewtopic.php?f=53&t=44826;anorak;Zielona Góra
[S] Race for the Galaxy, Airships, Neuroshima Hex, K2, + ...;http://www.gry-planszowe.pl/forum/viewtopic.php?f=53&t=27788;zedd;Sopot
[S] Madeira, Dice Brewing+maty graczy, La Granja;http://www.gry-planszowe.pl/forum/viewtopic.php?f=53&t=23554;7koliberek9;Warszawa
[W] na gry PSP:;http://www.gry-planszowe.pl/forum/viewtopic.php?f=53&t=44924;b4STEK;Okolice Szczecina
do usunięcia;http://www.gry-planszowe.pl/forum/viewtopic.php?f=53&t=44969;PanOddjob;Opole
[W] 51 stan: master set.;http://www.gry-planszowe.pl/forum/viewtopic.php?f=53&t=44968;PanOddjob;Opole
[S] Quarriors, Robinson VivaJava ....;http://www.gry-planszowe.pl/forum/viewtopic.php?f=53&t=39271;mefiug;Warszawa
[S] Race for the galaxy, La granja, Nowe pokolenia;http://www.gry-planszowe.pl/forum/viewtopic.php?f=53&t=44863;pan_slaw;Poznań
[W] Race for the Galaxy;http://www.gry-planszowe.pl/forum/viewtopic.php?f=53&t=43013;morbot;Kielce
[S] Koła zębate pasujące do Steampunk Rally/Odlotowy Wyścig;http://www.gry-planszowe.pl/forum/viewtopic.php?f=53&t=44919;Syndelis;Gdańsk
[s] Trio Granny;http://www.gry-planszowe.pl/forum/viewtopic.php?f=53&t=39814;Kapelatejesy;Warszawa
Wojna Narodów, Lewis & Clark, minidodatki;http://www.gry-planszowe.pl/forum/viewtopic.php?f=53&t=24211;Leser;pod - Warszawa
[S/W] Manhattan Project,Wikingowie, Citadels;http://www.gry-planszowe.pl/forum/viewtopic.php?f=53&t=26090;Mir4ge;Stalowa Wola
[S]Gry różne - Poznań;http://www.gry-planszowe.pl/forum/viewtopic.php?f=53&t=27741;premek;Poznań
[S/W]Kraków: różne gry;http://www.gry-planszowe.pl/forum/viewtopic.php?f=53&t=24077;easy;Wieliczka
[S] RftG, Relic, Steam Park i inne;http://www.gry-planszowe.pl/forum/viewtopic.php?f=53&t=41922;Teosik;Bytom
[S] Kilka gier tanio;http://www.gry-planszowe.pl/forum/viewtopic.php?f=53&t=34343;siemaziuta98;Nowy Sącz
(S/W)Gra o tron, Architekton, Eufrat i Tygrys , Anasazi;http://www.gry-planszowe.pl/forum/viewtopic.php?f=53&t=36913;blind887;Warszawa
[S/W] Kilka gier...;http://www.gry-planszowe.pl/forum/viewtopic.php?f=53&t=44264;Pan QnshT;Łódź
[S/W] różne: Dominion, Mr.Jack, PitchCar, promo Netrunner...;http://www.gry-planszowe.pl/forum/viewtopic.php?f=53&t=26546;Thorin;Kędzierzyn-Koźle
[S]DRCongo, Patchistory,Spartacus, Gear & Piston,Tesla,;http://www.gry-planszowe.pl/forum/viewtopic.php?f=53&t=25359;tomiz123;Białystok
[S/W] Small World + Grand Dames of Small World / stan bd+;http://www.gry-planszowe.pl/forum/viewtopic.php?f=53&t=40752;subiel;Wrocław
Dice Master (duża kolekcja za Znak starszych Bógów z dodatki;http://www.gry-planszowe.pl/forum/viewtopic.php?f=53&t=44847;waskopiotr88;Kraków
[S]Star Wars Rebelia;http://www.gry-planszowe.pl/forum/viewtopic.php?f=53&t=44844;Casiliasplp;Żyrardów
[s] Warhammer 40,000 Podbój, Władca pierścieni LCG;http://www.gry-planszowe.pl/forum/viewtopic.php?f=53&t=29833;Konik_Stepowy;Grodków
[S] Nations, wersja ang, stan bardzo dobry - 99 zł + wysyłka;http://www.gry-planszowe.pl/forum/viewtopic.php?f=53&t=44841;Meechauek;Poznań
[S] A Game of Thrones LCG 2ed;http://www.gry-planszowe.pl/forum/viewtopic.php?f=53&t=44797;Migdał;Warszawa
[S] Grunwald 1410 (Dragon) / Kircholm 1605 (Dragon);http://www.gry-planszowe.pl/forum/viewtopic.php?f=53&t=44818;Breżniew;Kraków - Nowa Huta
[S]Dungeon Lords, King of New York, Superfarmer DeLux, Atari;http://www.gry-planszowe.pl/forum/viewtopic.php?f=53&t=38142;iskierka;Warszawa
[S]Jaskina 39zl,Squad Leader addons,Chicago express i inne;http://www.gry-planszowe.pl/forum/viewtopic.php?f=53&t=36220;kromka;Wawa
[S] Magia i Miecz, figurki FFG i inne;http://www.gry-planszowe.pl/forum/viewtopic.php?f=53&t=26623;wis;Gliwice
[S] Tikal, Alcatraz, Pokolenia: Gospoda;http://www.gry-planszowe.pl/forum/viewtopic.php?f=53&t=44085;rafaelus;Kraków
[S] Chwilowo nic;http://www.gry-planszowe.pl/forum/viewtopic.php?f=53&t=38391;hutriel;Legionowo/Warszawa
Na razie nic;http://www.gry-planszowe.pl/forum/viewtopic.php?f=53&t=26015;Vilk;Kraków
Wysokie napiecie, Skyliners, Assassians Con, Far Space ...;http://www.gry-planszowe.pl/forum/viewtopic.php?f=53&t=44776;emistrzu;Poznań
